{
    "name": "AI提示词库 V2",
    "short_name": "AI Prompts",
    "description": "Mobile-optimized AI Prompt Library",
    "start_url": "./mobile-app-v2.html",
    "display": "standalone",
    "background_color": "#121212",
    "theme_color": "#121212",
    "orientation": "portrait",
    "icons": [
        {
            "src": "data:image/svg+xml,<svg xmlns='http://www.w3.org/2000/svg' viewBox='0 0 100 100'><rect fill='%23BB86FC' width='100' height='100' rx='20'/><text x='50' y='70' text-anchor='middle' font-size='60'>✨</text></svg>",
            "sizes": "192x192",
            "type": "image/svg+xml"
        }
    ]
}